{
    "feature_names": [
        "heart_rate",
        "sbp",
        "resp_rate",
        "spo2",
        "wbc",
        "hemoglobin",
        "platelet",
        "bun",
        "pt",
        "glucose",
        "sodium",
        "potassium",
        "chloride",
        "bicarbonate"
    ],
    "example_sequence": [
        [
            0.5804838887088309,
            -0.36257470889979465,
            -0.06760703138295493,
            1.6169575664366567,
            0.06046206127419209,
            0.7024400883141413,
            0.8748282827138951,
            -1.6029878967436246,
            -0.5907416986674168,
            -0.6926788732720092,
            -0.40550382280137337,
            -1.7607801848687215,
            -0.15312649526001829,
            0.3419903160557458
        ],
        [
            0.20761879676149902,
            -0.9050498973307338,
            1.920204009048871,
            0.3863173835823386,
            -1.6529252562938803,
            -0.9312428510392265,
            -0.13862134890438654,
            -0.7974503917671272,
            -0.6927493075196606,
            -0.30839495053981747,
            1.1039389280084113,
            -0.524695910766818,
            -1.0387991405025836,
            0.6442766462087259
        ],
        [
            0.716986783741113,
            -1.7889306080117873,
            -0.9131303970888895,
            0.28855371773875915,
            0.26486490866413237,
            1.0393676679740373,
            0.06122760894725428,
            0.36437081151225825,
            0.16141064930745397,
            1.6217823063077312,
            -1.759404168365302,
            0.746054759206413,
            -0.7317438056729416,
            -0.5230183938993572
        ]
    ],
    "label_mapping": {
        "Gram Positive": 1,
        "Gram Negative": 0
    }
}